Model,MSE,SSIM,BLEU,ROUGE
exp2_alignment_stable,0.07919823909910877,0.13160912985547205,0.005189965964640713,0.17135388265180976
