Model,MSE,SSIM,BLEU,ROUGE
exp2_alignment,0.07823419642080082,0.12488507106900215,0.0026261350577281395,0.16841181377343906
