{
    "mse": 0.07919823909910877,
    "ssim": 0.13160912985547205,
    "bleu": 0.005189965964640713,
    "rougeL": 0.17135388265180976
}