{
    "mse": 0.07823419642080082,
    "ssim": 0.12488507106900215,
    "bleu": 0.0026261350577281395,
    "rougeL": 0.16841181377343906
}