{
    "mse": 0.07812093415956818,
    "ssim": 0.12154940706206842,
    "bleu": 0.0018712276987253547,
    "rougeL": 0.16890385525352408
}