Model,MSE,SSIM,BLEU,ROUGE
Baseline,0.07844937362530258,0.12731830765273464,0.003039559710117669,0.17583349224307043
