Model,MSE,BLEU,ROUGE
Baseline,0.07890877696905244,0.003521668307973869,0.1723412872510482
