Model,MSE,SSIM,BLEU,ROUGE
exp1_visual_encoder,0.07812093415956818,0.12154940706206842,0.0018712276987253547,0.16890385525352408
