{
    "mse": 0.07890877696905244,
    "bleu": 0.003521668307973869,
    "rougeL": 0.1723412872510482
}