{
    "mse": 0.07844937362530258,
    "ssim": 0.12731830765273464,
    "bleu": 0.003039559710117669,
    "rougeL": 0.17583349224307043
}